<?xml version="1.0" encoding="UTF-8"?>
<project-private xmlns="http://www.netbeans.org/ns/project-private/1">
    <editor-bookmarks xmlns="http://www.netbeans.org/ns/editor-bookmarks/2" lastBookmarkId="0"/>
    <open-files xmlns="http://www.netbeans.org/ns/projectui-open-files/2">
        <group>
            <file>file:/D:/B_Work/CoDE/Java%20Web/BtlWeb/src/java/dao/RoomDAO.java</file>
            <file>file:/D:/B_Work/CoDE/Java%20Web/BtlWeb/web/adminRoomView.jsp</file>
            <file>file:/D:/B_Work/CoDE/Java%20Web/BtlWeb/web/adminHotelView.jsp</file>
            <file>file:/D:/B_Work/CoDE/Java%20Web/BtlWeb/web/editRoom.jsp</file>
            <file>file:/D:/B_Work/CoDE/Java%20Web/BtlWeb/src/java/model/Room.java</file>
            <file>file:/D:/B_Work/CoDE/Java%20Web/BtlWeb/src/java/controller/EditRoomServlet.java</file>
            <file>file:/D:/B_Work/CoDE/Java%20Web/BtlWeb/src/java/controller/AddRoomServlet.java</file>
        </group>
    </open-files>
</project-private>
